_id,model,loss,accuracy,avg_f1score,cateogrical_f1score[0],cateogrical_f1score[1],cateogrical_f1score[2],cateogrical_f1score[3],cateogrical_f1score[4],cateogrical_f1score[5],cateogrical_f1score[6],cateogrical_f1score[7],cateogrical_f1score[8],cateogrical_f1score[9],cateogrial_accuracy[0],cateogrial_accuracy[1],cateogrial_accuracy[2],cateogrial_accuracy[3],cateogrial_accuracy[4],cateogrial_accuracy[5],cateogrial_accuracy[6],cateogrial_accuracy[7],cateogrial_accuracy[8]
659040a7787440b0925a1d19,SimpleRNN,0.997210681438446,0.8149999976158142,0.8131600797176362,0.9189189076423645,0.9523809552192688,0.7027027010917664,0.7659575343132019,0.6666666865348816,0.9523809552192688,0.8421052694320679,0.7804878354072571,0.8999999761581421,0.6499999761581421,0.85,1,0.65,0.9,0.6,1,0.8,0.8,0.9
659040a7787440b0925a1d1a,SimpleRNN,0.8327397704124451,0.7950000166893005,0.7955945372581482,0.923076868057251,0.9302325248718262,0.6666666865348816,0.7027027010917664,0.6222221851348877,1,0.6976743936538696,0.8500000238418579,0.8205128312110901,0.7428571581840515,0.9,1,0.65,0.65,0.7,1,0.75,0.85,0.8
659040a7787440b0925a1d1b,SimpleRNN,0.6610212922096252,0.824999988079071,0.8216010093688965,0.7619048357009888,1,0.7906977534294128,0.6666666865348816,0.5882353186607361,0.9743589162826538,0.8292683362960815,0.878048837184906,0.9268293380737305,0.8000000715255737,0.8,1,0.85,0.65,0.5,0.95,0.85,0.9,0.95
659040a7787440b0925a1d1c,SimpleRNN,0.7912276983261108,0.8299999833106995,0.8296119630336761,0.8999999761581421,0.9756097793579102,0.736842155456543,0.699999988079071,0.7804878354072571,0.949999988079071,0.7692307233810425,0.8333333134651184,0.8421052694320679,0.8085106015205383,0.9,1,0.7,0.7,0.8,0.95,0.75,0.75,0.8
659040a8787440b0925a1d1d,SimpleRNN,0.8819687366485596,0.800000011920929,0.7950640320777893,0.8205128312110901,0.9302325248718262,0.6486486792564392,0.699999988079071,0.6285714507102966,0.9523809552192688,0.8717948198318481,0.800000011920929,0.8292683362960815,0.7692307233810425,0.8,1,0.6,0.7,0.55,1,0.85,0.9,0.85
