_id,model,loss,accuracy,avg_f1score,cateogrical_f1score[0],cateogrical_f1score[1],cateogrical_f1score[2],cateogrical_f1score[3],cateogrical_f1score[4],cateogrical_f1score[5],cateogrical_f1score[6],cateogrical_f1score[7],cateogrical_f1score[8],cateogrical_f1score[9],cateogrial_accuracy[0],cateogrial_accuracy[1],cateogrial_accuracy[2],cateogrial_accuracy[3],cateogrial_accuracy[4],cateogrial_accuracy[5],cateogrial_accuracy[6],cateogrial_accuracy[7],cateogrial_accuracy[8]
659040a8787440b0925a1d1e,SimpleRNN,0.5087170600891113,0.9300000071525574,0.9314961731433868,0.9189189076423645,0.9743589162826538,0.8292683362960815,0.9756097793579102,0.9743589162826538,1,0.9268293380737305,0.923076868057251,0.9743589162826538,0.8181817531585693,0.85,0.95,0.85,1,0.95,1,0.95,0.9,0.95
659040a8787440b0925a1d1f,SimpleRNN,0.3131808042526245,0.9449999928474426,0.9443419814109802,0.878048837184906,0.9743589162826538,0.8108108639717102,0.9756097793579102,0.9302325248718262,1,0.8999999761581421,1,1,0.9743589162826538,0.9,0.95,0.75,1,1,1,0.9,1,1
659040a8787440b0925a1d20,SimpleRNN,0.14618992805480957,0.9800000190734863,0.9799968659877777,1,0.9756097793579102,0.949999988079071,1,1,0.9743589162826538,1,1,1,0.8999999761581421,1,1,0.95,1,1,0.95,1,1,1
659040a8787440b0925a1d21,SimpleRNN,0.336526483297348,0.9599999785423279,0.9596936464309692,0.9756097793579102,1,0.8999999761581421,0.949999988079071,0.9756097793579102,0.9756097793579102,0.9189189076423645,0.9743589162826538,1,0.9268293380737305,1,1,0.9,0.95,1,1,0.85,0.95,1
659040a8787440b0925a1d22,SimpleRNN,0.4136117696762085,0.9049999713897705,0.9040712237358093,0.9047619104385376,0.9756097793579102,0.7692307233810425,0.949999988079071,0.9189189076423645,0.9756097793579102,0.949999988079071,0.8444444537162781,0.9743589162826538,0.7777777910232544,0.95,1,0.75,0.95,0.85,1,0.95,0.95,0.95
